{"cameraMode":{"drawMode":0,"name":"Shaded","section":"Shading Mode"},"sceneLighting":false,"audioPlay":false,"sceneViewState":{"showFog":true,"showMaterialUpdate":false,"showSkybox":false,"showFlares":true,"showImageEffects":true,"showParticleSystems":true},"in2DMode":false,"pivot":{"x":0.8311458230018616,"y":2.166696071624756,"z":-8.26319694519043},"rotation":{"x":-0.008397418074309826,"y":-0.01140706054866314,"z":0.00009777168452274054,"w":-0.9999061226844788},"size":0.8291432857513428,"orthographic":true}