{"cameraMode":{"drawMode":0,"name":"Shaded","section":"Shading Mode"},"sceneLighting":false,"audioPlay":false,"sceneViewState":{"showFog":true,"showMaterialUpdate":false,"showSkybox":false,"showFlares":true,"showImageEffects":true,"showParticleSystems":true},"in2DMode":false,"pivot":{"x":312.3818359375,"y":593.145263671875,"z":307.84503173828127},"rotation":{"x":0.27476468682289126,"y":0.13928452134132386,"z":-0.04026280716061592,"w":0.9505171775817871},"size":1.3898508548736573,"orthographic":true}