{"cameraMode":{"drawMode":0,"name":"Shaded","section":"Shading Mode"},"sceneLighting":false,"audioPlay":false,"sceneViewState":{"showFog":true,"showMaterialUpdate":false,"showSkybox":false,"showFlares":true,"showImageEffects":true,"showParticleSystems":true},"in2DMode":false,"pivot":{"x":1.5609999895095826,"y":0.45399999618530276,"z":0.4819999933242798},"rotation":{"x":0.16214299201965333,"y":0.020720545202493669,"z":-0.003405562834814191,"w":0.9865446090698242},"size":0.15928539633750916,"orthographic":true}