{"cameraMode":{"drawMode":0,"name":"Shaded","section":"Shading Mode"},"sceneLighting":false,"audioPlay":false,"sceneViewState":{"showFog":true,"showMaterialUpdate":false,"showSkybox":false,"showFlares":true,"showImageEffects":true,"showParticleSystems":true},"in2DMode":false,"pivot":{"x":0.0049896240234375,"y":0.0054694414138793949,"z":-0.031005859375},"rotation":{"x":-0.03556046262383461,"y":0.7270301580429077,"z":-0.03776901587843895,"w":-0.6846542954444885},"size":0.09653007239103317,"orthographic":true}