{"cameraMode":{"drawMode":0,"name":"Shaded","section":"Shading Mode"},"sceneLighting":false,"audioPlay":false,"sceneViewState":{"showFog":true,"showMaterialUpdate":false,"showSkybox":false,"showFlares":true,"showImageEffects":true,"showParticleSystems":true},"in2DMode":false,"pivot":{"x":0.8007138967514038,"y":2.273861885070801,"z":-8.219826698303223},"rotation":{"x":-0.008397418074309826,"y":-0.01140706054866314,"z":0.00009777168452274054,"w":-0.9999061226844788},"size":0.8872724771499634,"orthographic":true}