{"cameraMode":{"drawMode":0,"name":"Shaded","section":"Shading Mode"},"sceneLighting":false,"audioPlay":false,"sceneViewState":{"showFog":true,"showMaterialUpdate":false,"showSkybox":false,"showFlares":true,"showImageEffects":true,"showParticleSystems":true},"in2DMode":false,"pivot":{"x":0.6894912719726563,"y":2.207958221435547,"z":-8.3154296875},"rotation":{"x":-0.008397418074309826,"y":-0.01140706054866314,"z":0.00009777168452274054,"w":-0.9999061226844788},"size":1.0968869924545289,"orthographic":true}