{"cameraMode":{"drawMode":0,"name":"Shaded","section":"Shading Mode"},"sceneLighting":false,"audioPlay":false,"sceneViewState":{"showFog":true,"showMaterialUpdate":false,"showSkybox":false,"showFlares":true,"showImageEffects":true,"showParticleSystems":true},"in2DMode":false,"pivot":{"x":0.008336365222930909,"y":0.000707574188709259,"z":-0.005003094673156738},"rotation":{"x":0.00026842422084882855,"y":0.9839056730270386,"z":0.0014754057629033924,"w":-0.17873960733413697},"size":0.4370211362838745,"orthographic":true}