{"cameraMode":{"drawMode":0,"name":"Shaded","section":"Shading Mode"},"sceneLighting":false,"audioPlay":false,"sceneViewState":{"showFog":true,"showMaterialUpdate":false,"showSkybox":false,"showFlares":true,"showImageEffects":true,"showParticleSystems":true},"in2DMode":false,"pivot":{"x":-0.08785708248615265,"y":0.17807769775390626,"z":0.04973422735929489},"rotation":{"x":0.02210334874689579,"y":-0.7120383977890015,"z":0.02243592031300068,"w":0.7014370560646057},"size":0.058053843677043918,"orthographic":true}