{"cameraMode":{"drawMode":0,"name":"Shaded","section":"Shading Mode"},"sceneLighting":false,"audioPlay":false,"sceneViewState":{"showFog":true,"showMaterialUpdate":false,"showSkybox":false,"showFlares":true,"showImageEffects":true,"showParticleSystems":true},"in2DMode":false,"pivot":{"x":-0.690832257270813,"y":0.18507802486419679,"z":-0.32305908203125},"rotation":{"x":0.22416618466377259,"y":0.10356226563453675,"z":-0.02396438643336296,"w":0.9687361717224121},"size":1.0092052221298218,"orthographic":true}