{"cameraMode":{"drawMode":0,"name":"Shaded","section":"Shading Mode"},"sceneLighting":true,"audioPlay":false,"sceneViewState":{"showFog":true,"showMaterialUpdate":false,"showSkybox":false,"showFlares":true,"showImageEffects":true,"showParticleSystems":true},"in2DMode":false,"pivot":{"x":758.4515380859375,"y":151.2540740966797,"z":97.20574951171875},"rotation":{"x":0.05095502734184265,"y":0.029956523329019548,"z":-0.0015291360905393959,"w":0.9982521533966065},"size":380.9014587402344,"orthographic":false}