{"cameraMode":{"drawMode":0,"name":"Shaded","section":"Shading Mode"},"sceneLighting":false,"audioPlay":false,"sceneViewState":{"showFog":true,"showMaterialUpdate":false,"showSkybox":false,"showFlares":true,"showImageEffects":true,"showParticleSystems":true},"in2DMode":false,"pivot":{"x":0.29296875,"y":0.058125533163547519,"z":0.3349933326244354},"rotation":{"x":0.027022162452340127,"y":-0.6926975250244141,"z":0.025988340377807618,"w":0.7202535271644592},"size":0.4455791115760803,"orthographic":true}