{"cameraMode":{"drawMode":0,"name":"Shaded","section":"Shading Mode"},"sceneLighting":false,"audioPlay":false,"sceneViewState":{"showFog":true,"showMaterialUpdate":false,"showSkybox":false,"showFlares":true,"showImageEffects":true,"showParticleSystems":true},"in2DMode":false,"pivot":{"x":-8.940696716308594e-8,"y":0.149836927652359,"z":1.6391277313232423e-7},"rotation":{"x":0.12802250683307649,"y":-0.019336601719260217,"z":0.0025113169103860857,"w":0.9915903806686401},"size":0.46767657995224,"orthographic":true}