{"cameraMode":{"drawMode":0,"name":"Shaded","section":"Shading Mode"},"sceneLighting":false,"audioPlay":false,"sceneViewState":{"showFog":true,"showMaterialUpdate":false,"showSkybox":false,"showFlares":true,"showImageEffects":true,"showParticleSystems":true},"in2DMode":false,"pivot":{"x":-0.09915924072265625,"y":0.400634765625,"z":-1.19189453125},"rotation":{"x":0.2405765950679779,"y":0.0174702275544405,"z":-0.004330845549702644,"w":0.9704630970954895},"size":1.969820499420166,"orthographic":true}