{"cameraMode":{"drawMode":0,"name":"Shaded","section":"Shading Mode"},"sceneLighting":false,"audioPlay":false,"sceneViewState":{"showFog":true,"showMaterialUpdate":false,"showSkybox":false,"showFlares":true,"showImageEffects":true,"showParticleSystems":true},"in2DMode":false,"pivot":{"x":0.03143501281738281,"y":0.4267094135284424,"z":-1.24090576171875},"rotation":{"x":0.0628858432173729,"y":0.04788634553551674,"z":-0.0030208409298211338,"w":0.9968669414520264},"size":0.5039401650428772,"orthographic":true}