{"cameraMode":{"drawMode":0,"name":"Shaded","section":"Shading Mode"},"sceneLighting":false,"audioPlay":false,"sceneViewState":{"showFog":true,"showMaterialUpdate":false,"showSkybox":false,"showFlares":true,"showImageEffects":true,"showParticleSystems":true},"in2DMode":false,"pivot":{"x":-0.00124397873878479,"y":0.0018789023160934449,"z":0.005857795476913452},"rotation":{"x":0.12802250683307649,"y":-0.019336601719260217,"z":0.0025113169103860857,"w":0.9915903806686401},"size":0.12394999712705612,"orthographic":true}