{"cameraMode":{"drawMode":0,"name":"Shaded","section":"Shading Mode"},"sceneLighting":false,"audioPlay":false,"sceneViewState":{"showFog":true,"showMaterialUpdate":false,"showSkybox":false,"showFlares":true,"showImageEffects":true,"showParticleSystems":true},"in2DMode":false,"pivot":{"x":0.004660487174987793,"y":0.0,"z":-0.002797037363052368},"rotation":{"x":0.12802250683307649,"y":-0.019336601719260217,"z":0.0025113169103860857,"w":0.9915903806686401},"size":0.4211416244506836,"orthographic":true}