{"cameraMode":{"drawMode":0,"name":"Shaded","section":"Shading Mode"},"sceneLighting":true,"audioPlay":false,"sceneViewState":{"showFog":true,"showMaterialUpdate":false,"showSkybox":true,"showFlares":true,"showImageEffects":true,"showParticleSystems":true},"in2DMode":false,"pivot":{"x":0.007681697607040405,"y":0.7563871741294861,"z":-0.004625096917152405},"rotation":{"x":0.10439140349626541,"y":-0.1559709906578064,"z":0.016592225059866906,"w":0.9821028709411621},"size":2.610960006713867,"orthographic":true}