{"cameraMode":{"drawMode":0,"name":"Shaded","section":"Shading Mode"},"sceneLighting":false,"audioPlay":false,"sceneViewState":{"showFog":true,"showMaterialUpdate":false,"showSkybox":false,"showFlares":true,"showImageEffects":true,"showParticleSystems":true},"in2DMode":false,"pivot":{"x":1.1175870895385742e-7,"y":-0.05555714666843414,"z":5.960464477539063e-8},"rotation":{"x":0.12802250683307649,"y":-0.019336601719260217,"z":0.0025113169103860857,"w":0.9915903806686401},"size":0.2957328259944916,"orthographic":true}