{"cameraMode":{"drawMode":0,"name":"Shaded","section":"Shading Mode"},"sceneLighting":false,"audioPlay":false,"sceneViewState":{"showFog":true,"showMaterialUpdate":false,"showSkybox":false,"showFlares":true,"showImageEffects":true,"showParticleSystems":true},"in2DMode":false,"pivot":{"x":0.0003810375928878784,"y":0.1578318029642105,"z":0.0003799423575401306},"rotation":{"x":0.0353497751057148,"y":-0.04795147106051445,"z":0.0017124251462519169,"w":0.9982325434684753},"size":0.3002571761608124,"orthographic":true}